sender,receiver,amount,message,sign,public_key
4a7934f5d7a67d5f197668f9a5a47a64f7b4de3e9c3aa306df59b78b51399324,448d8718ebb393f7a265b99ec582d3afed8896a27095fd44cb867180d6dd115c,5,64333237313066636230333563643134653462343834383034393137353061663235633466633336646630616166663239643565616338316465373766333938,8904eb56f0740df57cc3ba7b8f7bbc710ccaaba18cfb9e8c2c35011cc65ed38105e9250ea1d27f19ff0906eeeb2071e85e1439f533d9efd808ba2f3952c13620,a1a1da290cf9d6da44e6d659b1c5df66d075b3b52f62cdc727e096ac3fcba2b508cdd475a340250e66797ed45c0df75d19cc6eeda5418cad54ffee9dfb1c2d87
4a7934f5d7a67d5f197668f9a5a47a64f7b4de3e9c3aa306df59b78b51399324,448d8718ebb393f7a265b99ec582d3afed8896a27095fd44cb867180d6dd115c,50,36356537393938346332363038383931633131633539643462386432396632383266386337326630306439623666333135653335633339626238336430306564,19bfa3e183536b203cbf79b70be4833a3587b0b33d0fa3bd29211d5bf30c78df2cd6daf6f11d799190257e3d37d05c5c38aaab2945ec7db922c0ab5db73332fc,a1a1da290cf9d6da44e6d659b1c5df66d075b3b52f62cdc727e096ac3fcba2b508cdd475a340250e66797ed45c0df75d19cc6eeda5418cad54ffee9dfb1c2d87
4a7934f5d7a67d5f197668f9a5a47a64f7b4de3e9c3aa306df59b78b51399324,448d8718ebb393f7a265b99ec582d3afed8896a27095fd44cb867180d6dd115c,500,33646637373762333331616561343536303430333465613735343562323035663030646464356338366538303763656330393436353766623930366565343133,b6b6e5c97c31b7ad63afe29363d3f5fe69495140b7b4db514bd7d47eaf7376cd6391d53555cec512d5bd9a5b7ce669a0db77535c523db15e3661eb8acdcfcf2a,a1a1da290cf9d6da44e6d659b1c5df66d075b3b52f62cdc727e096ac3fcba2b508cdd475a340250e66797ed45c0df75d19cc6eeda5418cad54ffee9dfb1c2d87
0f4cd5a0fad2fe17acaef8668abf3a164aa89846465d7f36168548fa1238a9a4,none,5000,31353435653336616366353735636664373163336434653461316166363832633231386130656136306630353364383933643861663337343939326666386665,0f4e4ac2835127f75e2f6e71e4087462bc2ba051746b6cceb6210be3f744211194a3dca8a5c8f240a48fe698aba6da9c225cc0d3e4c96259ad71dba3dc73e570,968e47a1a35dbc5400bfe1febff04299f213e1ea11775d9a39e2827d5db4d3c1758ba8a9e885b1dfc5b7c8daa5a07be65053d704455fc5bfaf51e465586261a3
0f4cd5a0fad2fe17acaef8668abf3a164aa89846465d7f36168548fa1238a9a4,59af389b95ee4bf74143beeeddbde014401652b83d7b5084664fa36dde127f21,5000,65396338313131353365396263633932616135613931386230313432666630333933383631633232316131396139643635373433663735326365353133356130,453fccacb06c159f34253f7346d8506f6b19c61aac97ec4f3440dbf1a7be4998572be83e16d9e85087c8f652659fda05e64a5f8cf34fa74d8d9226126b340e65,968e47a1a35dbc5400bfe1febff04299f213e1ea11775d9a39e2827d5db4d3c1758ba8a9e885b1dfc5b7c8daa5a07be65053d704455fc5bfaf51e465586261a3
0f4cd5a0fad2fe17acaef8668abf3a164aa89846465d7f36168548fa1238a9a4,59af389b95ee4bf74143beeeddbde014401652b83d7b5084664fa36dde127f21,4000,64343139626138656436626665376163633930616266613365323461303233356339343163323038373739626561346662316264316639373730656530633764,be1fecdec7376e220e16270cd13da11d1c293dd375bbbc4738b24d2c9730b83da6de2d2cbce1745110262376e990dbb89d2822928c6a49d3320aa77941a5c166,968e47a1a35dbc5400bfe1febff04299f213e1ea11775d9a39e2827d5db4d3c1758ba8a9e885b1dfc5b7c8daa5a07be65053d704455fc5bfaf51e465586261a3
0f4cd5a0fad2fe17acaef8668abf3a164aa89846465d7f36168548fa1238a9a4,59af389b95ee4bf74143beeeddbde014401652b83d7b5084664fa36dde127f21,3000,64343366306138346662353738636137343636393633663562613362366533363136633063336630633066353234623139643034326161616666343166303033,7f3aa137c32ae176e03c55b62da2a36ff1542a61da89dce4ca7def16666beda9ca017c1647938258f9033f60635de4fce920692578fa4253993dd2a3ba023d59,968e47a1a35dbc5400bfe1febff04299f213e1ea11775d9a39e2827d5db4d3c1758ba8a9e885b1dfc5b7c8daa5a07be65053d704455fc5bfaf51e465586261a3
59af389b95ee4bf74143beeeddbde014401652b83d7b5084664fa36dde127f21,0f4cd5a0fad2fe17acaef8668abf3a164aa89846465d7f36168548fa1238a9a4,10,61646133383036316461303566353165646432333736666164623364656634346637636666343734626665316531343261316330643433343163613739613161,2b491b2f690427a94ffc06b924c5ddc4b2474f87fa67d4c6200c02692a7b444269e1fda7741edf8364382030f0e9fee5b1b19dff6d49472785540bf2bc3081b2,ffb5429aafa7c8e454d0adae756d5267697dac88ded5fa4f8c4469598d716310e526e0c71ec252c252f365a5799d63b0b2bf04292154c15f24f8315d6f808a12
59af389b95ee4bf74143beeeddbde014401652b83d7b5084664fa36dde127f21,0f4cd5a0fad2fe17acaef8668abf3a164aa89846465d7f36168548fa1238a9a4,100,33353335383363393063663036613361623330626363653038376535643837363730356336633263636233643265616463653431346637303162643639303838,5e09f29821b33725085d85f6efa997608a2a2a7bc24d97726d21c0d94133eedbf5c0316536a5c485659bffee7147d4f847dac62bcdffca7f81f70d80d3b6ab5e,ffb5429aafa7c8e454d0adae756d5267697dac88ded5fa4f8c4469598d716310e526e0c71ec252c252f365a5799d63b0b2bf04292154c15f24f8315d6f808a12
59af389b95ee4bf74143beeeddbde014401652b83d7b5084664fa36dde127f21,0f4cd5a0fad2fe17acaef8668abf3a164aa89846465d7f36168548fa1238a9a4,1000,37363864363865626463626436623731383138326665616161386334323766626163306231616339383939616635353432333762633463636137336364386263,a404ddb7379d1db76586e5e9328cec28547b929a20529e3eb2124c38d322e70777533cd32bb2d9fd80f7ad50b210226cb48cc28b825fadc83598e8de74420b97,ffb5429aafa7c8e454d0adae756d5267697dac88ded5fa4f8c4469598d716310e526e0c71ec252c252f365a5799d63b0b2bf04292154c15f24f8315d6f808a12
